"","x","y"
"1",-61.4,15.4
"2",-87.6,14
"3",-87.4,14
"4",-87,13.4
"5",-86.8,13.4
"6",-85,11.2
"7",-74,11.2
"8",-74,11
"9",-73.8,11
"10",-85.2,10.8
"11",-85,10.8
"12",-84.8,10.8
"13",-74,10.8
"14",-73.8,10.8
"15",-73.4,10.8
"16",-71.4,10.8
"17",-84.8,10.6
"18",-73.8,10.6
"19",-73.6,10.6
"20",-73.4,10.6
"21",-73.2,10.6
"22",-84.8,10.4
"23",-73.2,10.4
"24",-73,10.4
"25",-72.8,10.4
"26",-67.2,10.4
"27",-84.6,10.2
"28",-73.2,10.2
"29",-73,10.2
"30",-66.8,10.2
"31",-66.4,10.2
"32",-66.2,10.2
"33",-64.4,10.2
"34",-64.2,10.2
"35",-63.2,10.2
"36",-84.2,10
"37",-84,10
"38",-73.2,10
"39",-73,10
"40",-66.2,10
"41",-64.2,10
"42",-84.2,9.8
"43",-84,9.8
"44",-83.8,9.8
"45",-70.2,9.8
"46",-84,9.6
"47",-83.8,9.6
"48",-83.2,9.4
"49",-83,9.4
"50",-70.2,9.4
"51",-83.2,9.2
"52",-83,9.2
"53",-82.8,9.2
"54",-82.6,9.2
"55",-71.2,9.2
"56",-71,9.2
"57",-70.4,9.2
"58",-70,9.2
"59",-83,9
"60",-82.8,9
"61",-82.6,9
"62",-71.2,9
"63",-71,9
"64",-70.8,9
"65",-70.6,9
"66",-83.6,8.8
"67",-83,8.8
"68",-82.8,8.8
"69",-82.6,8.8
"70",-82.4,8.8
"71",-81.8,8.8
"72",-81.6,8.8
"73",-71.2,8.8
"74",-71,8.8
"75",-70.8,8.8
"76",-83.6,8.6
"77",-83.4,8.6
"78",-81.8,8.6
"79",-73.2,8.6
"80",-71,8.6
"81",-70.6,8.6
"82",-70.4,8.6
"83",-73.2,8.4
"84",-70.4,8.4
"85",-72.4,8.2
"86",-72.2,8.2
"87",-72,8.2
"88",-71.8,8.2
"89",-71.6,8.2
"90",-74.4,8
"91",-73.2,8
"92",-72.2,8
"93",-72,8
"94",-71.8,8
"95",-71.6,8
"96",-70.8,8
"97",-78,7.8
"98",-73.2,7.8
"99",-73,7.8
"100",-72.2,7.8
"101",-72,7.8
"102",-78,7.6
"103",-74.4,7.6
"104",-73.2,7.6
"105",-73,7.6
"106",-71.8,7.6
"107",-73,7.4
"108",-72.8,7.4
"109",-72,7.4
"110",-71.8,7.4
"111",-76.4,7.2
"112",-76.2,7.2
"113",-76,7.2
"114",-73,7.2
"115",-72.8,7.2
"116",-71.4,7.2
"117",-76.2,7
"118",-73,7
"119",-72.8,7
"120",-72.6,7
"121",-67,7
"122",-77,6.8
"123",-75.6,6.8
"124",-75.4,6.8
"125",-72.8,6.8
"126",-72.6,6.8
"127",-72.4,6.8
"128",-72.2,6.8
"129",-71.4,6.8
"130",-66.4,6.8
"131",-65.6,6.8
"132",-76.4,6.6
"133",-76.2,6.6
"134",-76,6.6
"135",-75.4,6.6
"136",-74.4,6.6
"137",-73.4,6.6
"138",-73,6.6
"139",-72.6,6.6
"140",-72.4,6.6
"141",-72.2,6.6
"142",-71.8,6.6
"143",-71.4,6.6
"144",-66.4,6.6
"145",-65.8,6.6
"146",-76.4,6.4
"147",-76.2,6.4
"148",-76,6.4
"149",-75.4,6.4
"150",-73.6,6.4
"151",-73.4,6.4
"152",-72.8,6.4
"153",-72.4,6.4
"154",-72.2,6.4
"155",-72,6.4
"156",-71.8,6.4
"157",-71.6,6.4
"158",-76.6,6.2
"159",-76.2,6.2
"160",-76,6.2
"161",-75.8,6.2
"162",-75.4,6.2
"163",-74.2,6.2
"164",-73,6.2
"165",-72.4,6.2
"166",-72.2,6.2
"167",-76.6,6
"168",-76.2,6
"169",-75.8,6
"170",-75.4,6
"171",-74.2,6
"172",-73,6
"173",-72.8,6
"174",-72.6,6
"175",-72.4,6
"176",-76.6,5.8
"177",-76,5.8
"178",-74.2,5.8
"179",-73.8,5.8
"180",-73,5.8
"181",-66.8,5.8
"182",-66.6,5.8
"183",-66.4,5.8
"184",-66.2,5.8
"185",-66,5.8
"186",-63.8,5.8
"187",-76.6,5.6
"188",-76.4,5.6
"189",-76,5.6
"190",-73.8,5.6
"191",-73.4,5.6
"192",-73.2,5.6
"193",-73,5.6
"194",-66.2,5.6
"195",-66,5.6
"196",-65.4,5.6
"197",-77.4,5.4
"198",-76,5.4
"199",-75.4,5.4
"200",-75.2,5.4
"201",-74.6,5.4
"202",-73.4,5.4
"203",-73.2,5.4
"204",-73,5.4
"205",-72.8,5.4
"206",-72.4,5.4
"207",-65.4,5.4
"208",-65.2,5.4
"209",-62.4,5.4
"210",-62.2,5.4
"211",-76.2,5.2
"212",-76,5.2
"213",-75.4,5.2
"214",-75.2,5.2
"215",-74.6,5.2
"216",-74.4,5.2
"217",-73.4,5.2
"218",-73,5.2
"219",-72.4,5.2
"220",-65.6,5.2
"221",-65.4,5.2
"222",-62.4,5.2
"223",-62.2,5.2
"224",-76.2,5
"225",-76,5
"226",-75.6,5
"227",-75.4,5
"228",-75.2,5
"229",-74.8,5
"230",-74.6,5
"231",-74.4,5
"232",-74.2,5
"233",-67,5
"234",-76.2,4.8
"235",-76,4.8
"236",-75.6,4.8
"237",-75.4,4.8
"238",-75.2,4.8
"239",-74.8,4.8
"240",-74.6,4.8
"241",-74.4,4.8
"242",-74.2,4.8
"243",-67,4.8
"244",-66.8,4.8
"245",-64.8,4.8
"246",-64.6,4.8
"247",-76.2,4.6
"248",-75.6,4.6
"249",-75.4,4.6
"250",-75.2,4.6
"251",-74.8,4.6
"252",-74.6,4.6
"253",-74.4,4.6
"254",-67,4.6
"255",-66.8,4.6
"256",-65.2,4.6
"257",-64.6,4.6
"258",-76,4.4
"259",-75.6,4.4
"260",-75.4,4.4
"261",-75.2,4.4
"262",-74.8,4.4
"263",-74.6,4.4
"264",-74.4,4.4
"265",-74.2,4.4
"266",-73.8,4.4
"267",-73.6,4.4
"268",-66,4.4
"269",-65.8,4.4
"270",-65.6,4.4
"271",-65,4.4
"272",-64.8,4.4
"273",-76.6,4.2
"274",-76.4,4.2
"275",-76.2,4.2
"276",-75.8,4.2
"277",-75.6,4.2
"278",-75.4,4.2
"279",-74.8,4.2
"280",-74.6,4.2
"281",-74.4,4.2
"282",-74.2,4.2
"283",-74,4.2
"284",-65.6,4.2
"285",-65.2,4.2
"286",-65,4.2
"287",-64.6,4.2
"288",-76.6,4
"289",-76.4,4
"290",-76.2,4
"291",-76,4
"292",-75.8,4
"293",-75.6,4
"294",-75.4,4
"295",-74.8,4
"296",-74.6,4
"297",-74.4,4
"298",-74.2,4
"299",-74,4
"300",-73.8,4
"301",-76.2,3.8
"302",-76,3.8
"303",-75.8,3.8
"304",-75.6,3.8
"305",-75.4,3.8
"306",-75,3.8
"307",-74.8,3.8
"308",-74.6,3.8
"309",-74.4,3.8
"310",-74.2,3.8
"311",-74,3.8
"312",-73.8,3.8
"313",-73.6,3.8
"314",-65.6,3.8
"315",-77,3.6
"316",-76.8,3.6
"317",-76.2,3.6
"318",-76,3.6
"319",-75.8,3.6
"320",-75.6,3.6
"321",-75.4,3.6
"322",-75.2,3.6
"323",-75,3.6
"324",-74.8,3.6
"325",-74.6,3.6
"326",-74.4,3.6
"327",-74.2,3.6
"328",-73.6,3.6
"329",-66.8,3.6
"330",-65.8,3.6
"331",-65.6,3.6
"332",-64.8,3.6
"333",-77.2,3.4
"334",-77,3.4
"335",-76.8,3.4
"336",-76.6,3.4
"337",-76.2,3.4
"338",-76,3.4
"339",-75.8,3.4
"340",-75.6,3.4
"341",-75.4,3.4
"342",-75,3.4
"343",-74.8,3.4
"344",-74.6,3.4
"345",-66.4,3.4
"346",-65.8,3.4
"347",-65.6,3.4
"348",-64.8,3.4
"349",-77,3.2
"350",-76.8,3.2
"351",-76.6,3.2
"352",-76.4,3.2
"353",-76.2,3.2
"354",-76,3.2
"355",-75.8,3.2
"356",-75.4,3.2
"357",-75,3.2
"358",-74.8,3.2
"359",-66.4,3.2
"360",-77,3
"361",-76.8,3
"362",-76.2,3
"363",-76,3
"364",-75.8,3
"365",-75.6,3
"366",-75.4,3
"367",-75.2,3
"368",-75,3
"369",-74.8,3
"370",-74.6,3
"371",-64.2,3
"372",-77,2.8
"373",-76.4,2.8
"374",-76.2,2.8
"375",-76,2.8
"376",-75.8,2.8
"377",-75.4,2.8
"378",-75.2,2.8
"379",-75,2.8
"380",-74.8,2.8
"381",-64.2,2.8
"382",-77.4,2.6
"383",-76.6,2.6
"384",-76.4,2.6
"385",-76.2,2.6
"386",-75.4,2.6
"387",-75.2,2.6
"388",-75,2.6
"389",-77.6,2.4
"390",-77.4,2.4
"391",-77.2,2.4
"392",-76.4,2.4
"393",-76.2,2.4
"394",-75.6,2.4
"395",-75.4,2.4
"396",-75.2,2.4
"397",-77.6,2.2
"398",-77.4,2.2
"399",-77.2,2.2
"400",-76.6,2.2
"401",-76.4,2.2
"402",-75.8,2.2
"403",-75.6,2.2
"404",-75.4,2.2
"405",-75.2,2.2
"406",-77.6,2
"407",-77.4,2
"408",-76.8,2
"409",-76.6,2
"410",-75.8,2
"411",-75.6,2
"412",-75.4,2
"413",-77.2,1.8
"414",-77,1.8
"415",-76.8,1.8
"416",-76.6,1.8
"417",-75.8,1.8
"418",-75.6,1.8
"419",-56.4,1.8
"420",-77.4,1.6
"421",-77,1.6
"422",-76.8,1.6
"423",-76.6,1.6
"424",-76.4,1.6
"425",-76.2,1.6
"426",-78,1.4
"427",-77,1.4
"428",-76.8,1.4
"429",-77.6,1.2
"430",-77.4,1.2
"431",-77.2,1.2
"432",-77,1.2
"433",-56.8,1.2
"434",-78,1
"435",-77.8,1
"436",-77.6,1
"437",-77.2,1
"438",-77,1
"439",-66,1
"440",-56.8,1
"441",-78,0.8
"442",-77.8,0.8
"443",-77.6,0.8
"444",-76.8,0.8
"445",-66,0.8
"446",-77.2,0.6
"447",-76.4,0.6
"448",-76.2,0.6
"449",-55.6,0.4
"450",-55.4,0.4
"451",-78.2,0.2
"452",-78,0.2
"453",-77.6,0.2
"454",-78.4,0
"455",-78.2,0
"456",-78,0
"457",-56.4,0
"458",-78.2,-0.2
"459",-78.6,-0.4
"460",-78.2,-0.4
"461",-79.2,-0.6
"462",-79,-0.6
"463",-78.8,-0.6
"464",-78.6,-0.6
"465",-78.4,-0.6
"466",-78.2,-0.6
"467",-77.8,-0.6
"468",-79.2,-0.8
"469",-79,-0.8
"470",-78.8,-0.8
"471",-78.6,-0.8
"472",-79.2,-1
"473",-79,-1
"474",-78.8,-1
"475",-77.6,-1
"476",-79.2,-1.2
"477",-79,-1.2
"478",-78.8,-1.2
"479",-78.2,-1.2
"480",-78,-1.2
"481",-79.2,-1.4
"482",-79,-1.4
"483",-78.8,-1.4
"484",-78.2,-1.4
"485",-79.2,-1.6
"486",-79,-1.6
"487",-78.2,-1.6
"488",-79.2,-1.8
"489",-79,-1.8
"490",-78.2,-1.8
"491",-78.2,-2
"492",-78.8,-2.2
"493",-78.6,-2.2
"494",-79,-2.4
"495",-78.8,-2.4
"496",-78.6,-2.4
"497",-79,-2.6
"498",-78.8,-2.6
"499",-78.6,-2.6
"500",-79.8,-2.8
"501",-79.6,-2.8
"502",-79.4,-2.8
"503",-79.2,-2.8
"504",-54.4,-2.8
"505",-79.8,-3
"506",-79.6,-3
"507",-79.4,-3
"508",-79.2,-3
"509",-78.4,-3
"510",-54.8,-3
"511",-54.4,-3
"512",-79.8,-3.2
"513",-79.6,-3.2
"514",-79.4,-3.2
"515",-79.8,-3.4
"516",-79.6,-3.4
"517",-57.4,-3.4
"518",-55,-3.4
"519",-54.8,-3.4
"520",-54.2,-3.4
"521",-79.8,-3.6
"522",-79.6,-3.6
"523",-79.4,-3.6
"524",-79.2,-3.6
"525",-57.8,-3.6
"526",-57.6,-3.6
"527",-57.4,-3.6
"528",-57.2,-3.6
"529",-56,-3.6
"530",-55.8,-3.6
"531",-55.2,-3.6
"532",-55,-3.6
"533",-54.8,-3.6
"534",-54.4,-3.6
"535",-54.2,-3.6
"536",-54,-3.6
"537",-79.4,-3.8
"538",-79.2,-3.8
"539",-58.8,-3.8
"540",-58.6,-3.8
"541",-57.8,-3.8
"542",-57.6,-3.8
"543",-57.4,-3.8
"544",-57.2,-3.8
"545",-57,-3.8
"546",-56.8,-3.8
"547",-56.6,-3.8
"548",-56.4,-3.8
"549",-56.2,-3.8
"550",-56,-3.8
"551",-55.8,-3.8
"552",-55.4,-3.8
"553",-55.2,-3.8
"554",-54.4,-3.8
"555",-54.2,-3.8
"556",-79.2,-4
"557",-78.6,-4
"558",-78.4,-4
"559",-57.8,-4
"560",-57.6,-4
"561",-57.4,-4
"562",-57.2,-4
"563",-57,-4
"564",-56.8,-4
"565",-56.6,-4
"566",-56.4,-4
"567",-56.2,-4
"568",-56,-4
"569",-55.8,-4
"570",-55.6,-4
"571",-55.4,-4
"572",-55.2,-4
"573",-41,-4
"574",-79.2,-4.2
"575",-78.4,-4.2
"576",-78.2,-4.2
"577",-56.8,-4.2
"578",-56.6,-4.2
"579",-56.4,-4.2
"580",-56.2,-4.2
"581",-56,-4.2
"582",-55.8,-4.2
"583",-55.4,-4.2
"584",-55.2,-4.2
"585",-55,-4.2
"586",-47,-4.2
"587",-79.2,-4.4
"588",-56.2,-4.4
"589",-56,-4.4
"590",-55.8,-4.4
"591",-55.6,-4.4
"592",-79.2,-4.6
"593",-58.6,-4.6
"594",-58.4,-4.6
"595",-58.2,-4.6
"596",-56.2,-4.6
"597",-56,-4.6
"598",-49.2,-4.6
"599",-79.8,-4.8
"600",-58.8,-4.8
"601",-58.6,-4.8
"602",-58.4,-4.8
"603",-58.2,-4.8
"604",-58,-4.8
"605",-57.6,-4.8
"606",-49,-4.8
"607",-48.8,-4.8
"608",-79.8,-5
"609",-79.6,-5
"610",-79.4,-5
"611",-58.6,-5
"612",-58.4,-5
"613",-58.2,-5
"614",-57.6,-5
"615",-79.6,-5.2
"616",-79.4,-5.2
"617",-79.2,-5.2
"618",-79,-5.2
"619",-78.8,-5.2
"620",-58.4,-5.2
"621",-58.2,-5.2
"622",-58,-5.2
"623",-55.6,-5.2
"624",-55.4,-5.2
"625",-46.4,-5.2
"626",-79.4,-5.4
"627",-79.2,-5.4
"628",-79,-5.4
"629",-78.8,-5.4
"630",-78.6,-5.4
"631",-78.4,-5.4
"632",-78.2,-5.4
"633",-77.8,-5.4
"634",-77.2,-5.4
"635",-76.6,-5.4
"636",-58.2,-5.4
"637",-58,-5.4
"638",-55.4,-5.4
"639",-55.2,-5.4
"640",-54.6,-5.4
"641",-54.4,-5.4
"642",-45.4,-5.4
"643",-79.4,-5.6
"644",-79.2,-5.6
"645",-78.6,-5.6
"646",-78.4,-5.6
"647",-78.2,-5.6
"648",-55.4,-5.6
"649",-54.6,-5.6
"650",-54.4,-5.6
"651",-54.2,-5.6
"652",-79.4,-5.8
"653",-79.2,-5.8
"654",-78.4,-5.8
"655",-78.2,-5.8
"656",-78,-5.8
"657",-57.4,-5.8
"658",-57.2,-5.8
"659",-54.4,-5.8
"660",-54.2,-5.8
"661",-79.6,-6
"662",-79.4,-6
"663",-79.2,-6
"664",-78.6,-6
"665",-78.2,-6
"666",-78,-6
"667",-77.8,-6
"668",-77.6,-6
"669",-57.6,-6
"670",-57.4,-6
"671",-57.2,-6
"672",-54.4,-6
"673",-54.2,-6
"674",-54,-6
"675",-53.8,-6
"676",-53.6,-6
"677",-53.4,-6
"678",-53.2,-6
"679",-53,-6
"680",-52.4,-6
"681",-52.2,-6
"682",-79.6,-6.2
"683",-79.4,-6.2
"684",-79.2,-6.2
"685",-79,-6.2
"686",-78,-6.2
"687",-77.8,-6.2
"688",-77.6,-6.2
"689",-77.4,-6.2
"690",-57.6,-6.2
"691",-57.4,-6.2
"692",-54.2,-6.2
"693",-54,-6.2
"694",-53.4,-6.2
"695",-53.2,-6.2
"696",-52.4,-6.2
"697",-51.4,-6.2
"698",-51.2,-6.2
"699",-79.6,-6.4
"700",-79.4,-6.4
"701",-79.2,-6.4
"702",-78,-6.4
"703",-77.8,-6.4
"704",-77.6,-6.4
"705",-77.4,-6.4
"706",-77.2,-6.4
"707",-57.6,-6.4
"708",-57.4,-6.4
"709",-52.8,-6.4
"710",-52.6,-6.4
"711",-52.4,-6.4
"712",-52.2,-6.4
"713",-80.2,-6.6
"714",-78.8,-6.6
"715",-78.2,-6.6
"716",-77.8,-6.6
"717",-77.2,-6.6
"718",-77,-6.6
"719",-52.8,-6.6
"720",-52.4,-6.6
"721",-45.8,-6.6
"722",-79.2,-6.8
"723",-79,-6.8
"724",-78.8,-6.8
"725",-78.6,-6.8
"726",-78.4,-6.8
"727",-77.8,-6.8
"728",-77.6,-6.8
"729",-79.8,-7
"730",-79.2,-7
"731",-79,-7
"732",-78.8,-7
"733",-78.6,-7
"734",-78.4,-7
"735",-77.8,-7
"736",-77.6,-7
"737",-77.2,-7
"738",-78.6,-7.2
"739",-78.4,-7.2
"740",-78.2,-7.2
"741",-77.8,-7.2
"742",-77.6,-7.2
"743",-77.4,-7.2
"744",-76.8,-7.2
"745",-78.4,-7.4
"746",-78.2,-7.4
"747",-77.6,-7.4
"748",-77.4,-7.4
"749",-77,-7.4
"750",-76.8,-7.4
"751",-77.6,-7.6
"752",-77.4,-7.6
"753",-77.2,-7.6
"754",-76.8,-7.6
"755",-72.2,-7.6
"756",-72,-7.6
"757",-78.8,-7.8
"758",-78.6,-7.8
"759",-78.4,-7.8
"760",-78.2,-7.8
"761",-77.6,-7.8
"762",-77.4,-7.8
"763",-77.2,-7.8
"764",-76.8,-7.8
"765",-76.4,-7.8
"766",-76.2,-7.8
"767",-78.8,-8
"768",-78.6,-8
"769",-78.4,-8
"770",-78.2,-8
"771",-78,-8
"772",-77.4,-8
"773",-77.2,-8
"774",-76.8,-8
"775",-76.4,-8
"776",-76.2,-8
"777",-79,-8.2
"778",-78.8,-8.2
"779",-78.6,-8.2
"780",-78.4,-8.2
"781",-78.2,-8.2
"782",-78,-8.2
"783",-77.8,-8.2
"784",-77.4,-8.2
"785",-77.2,-8.2
"786",-76.8,-8.2
"787",-76.6,-8.2
"788",-76.2,-8.2
"789",-76,-8.2
"790",-78.6,-8.4
"791",-78.4,-8.4
"792",-77.8,-8.4
"793",-77.2,-8.4
"794",-77,-8.4
"795",-76.6,-8.4
"796",-76.4,-8.4
"797",-76.2,-8.4
"798",-76,-8.4
"799",-75.8,-8.4
"800",-78,-8.6
"801",-77.8,-8.6
"802",-77.6,-8.6
"803",-77.2,-8.6
"804",-77,-8.6
"805",-76.8,-8.6
"806",-76.4,-8.6
"807",-76,-8.6
"808",-75.8,-8.6
"809",-78.2,-8.8
"810",-78,-8.8
"811",-77.8,-8.8
"812",-77.6,-8.8
"813",-77,-8.8
"814",-76.8,-8.8
"815",-76.6,-8.8
"816",-76.2,-8.8
"817",-76,-8.8
"818",-78.2,-9
"819",-78,-9
"820",-77.8,-9
"821",-77.6,-9
"822",-77,-9
"823",-76.8,-9
"824",-76.6,-9
"825",-76.2,-9
"826",-76,-9
"827",-54.8,-9
"828",-78.2,-9.2
"829",-78,-9.2
"830",-77.8,-9.2
"831",-77.6,-9.2
"832",-77.4,-9.2
"833",-77,-9.2
"834",-76.8,-9.2
"835",-76.6,-9.2
"836",-76,-9.2
"837",-75.8,-9.2
"838",-75.4,-9.2
"839",-41.6,-9.2
"840",-78,-9.4
"841",-77.8,-9.4
"842",-77.6,-9.4
"843",-76.8,-9.4
"844",-76.6,-9.4
"845",-76.4,-9.4
"846",-75.8,-9.4
"847",-75.6,-9.4
"848",-75.4,-9.4
"849",-75.2,-9.4
"850",-74.8,-9.4
"851",-74.6,-9.4
"852",-42,-9.4
"853",-41.8,-9.4
"854",-41.6,-9.4
"855",-77.8,-9.6
"856",-77.6,-9.6
"857",-76.8,-9.6
"858",-76.6,-9.6
"859",-76.4,-9.6
"860",-75.8,-9.6
"861",-75.6,-9.6
"862",-75.4,-9.6
"863",-75.2,-9.6
"864",-74.8,-9.6
"865",-74.6,-9.6
"866",-42.2,-9.6
"867",-42,-9.6
"868",-77.6,-9.8
"869",-77.4,-9.8
"870",-76.6,-9.8
"871",-76.4,-9.8
"872",-75.8,-9.8
"873",-75.6,-9.8
"874",-75.4,-9.8
"875",-74.6,-9.8
"876",-74.4,-9.8
"877",-41.2,-9.8
"878",-77.6,-10
"879",-77.4,-10
"880",-77.2,-10
"881",-75.8,-10
"882",-75.4,-10
"883",-74.6,-10
"884",-74.4,-10
"885",-42.4,-10
"886",-77.6,-10.2
"887",-77.4,-10.2
"888",-76,-10.2
"889",-75.8,-10.2
"890",-75.4,-10.2
"891",-75.2,-10.2
"892",-75,-10.2
"893",-74.8,-10.2
"894",-74.6,-10.2
"895",-74.4,-10.2
"896",-41.8,-10.2
"897",-78,-10.4
"898",-76.8,-10.4
"899",-76,-10.4
"900",-75.8,-10.4
"901",-75,-10.4
"902",-74.8,-10.4
"903",-74.4,-10.4
"904",-65,-10.4
"905",-77.2,-10.6
"906",-77,-10.6
"907",-76.8,-10.6
"908",-76,-10.6
"909",-75.8,-10.6
"910",-75,-10.6
"911",-74.4,-10.6
"912",-64.8,-10.6
"913",-43.2,-10.6
"914",-77.2,-10.8
"915",-77,-10.8
"916",-76.8,-10.8
"917",-76,-10.8
"918",-75.8,-10.8
"919",-74.8,-10.8
"920",-74.6,-10.8
"921",-74.4,-10.8
"922",-77.2,-11
"923",-77,-11
"924",-76.8,-11
"925",-75.8,-11
"926",-75.2,-11
"927",-75,-11
"928",-74.8,-11
"929",-77.6,-11.2
"930",-76.8,-11.2
"931",-76.6,-11.2
"932",-75.8,-11.2
"933",-74.4,-11.2
"934",-76.6,-11.4
"935",-76.4,-11.4
"936",-75,-11.4
"937",-74.8,-11.4
"938",-74.4,-11.4
"939",-74.2,-11.4
"940",-73.8,-11.4
"941",-76.6,-11.6
"942",-76.4,-11.6
"943",-75.2,-11.6
"944",-75,-11.6
"945",-74.8,-11.6
"946",-74.6,-11.6
"947",-74.4,-11.6
"948",-74.2,-11.6
"949",-73.8,-11.6
"950",-73.6,-11.6
"951",-72.2,-11.6
"952",-77.2,-11.8
"953",-76.4,-11.8
"954",-76.2,-11.8
"955",-75.6,-11.8
"956",-75.2,-11.8
"957",-75,-11.8
"958",-74.8,-11.8
"959",-74.6,-11.8
"960",-74.4,-11.8
"961",-74.2,-11.8
"962",-73.8,-11.8
"963",-73.6,-11.8
"964",-73.4,-11.8
"965",-72.2,-11.8
"966",-72,-11.8
"967",-71.2,-11.8
"968",-76.2,-12
"969",-75.8,-12
"970",-75.6,-12
"971",-75,-12
"972",-74.8,-12
"973",-74.2,-12
"974",-74,-12
"975",-73.8,-12
"976",-73.6,-12
"977",-72.6,-12
"978",-72.4,-12
"979",-72.2,-12
"980",-72,-12
"981",-77,-12.2
"982",-76,-12.2
"983",-74.2,-12.2
"984",-74,-12.2
"985",-73.8,-12.2
"986",-73.6,-12.2
"987",-73.4,-12.2
"988",-72.6,-12.2
"989",-72.4,-12.2
"990",-72.2,-12.2
"991",-72,-12.2
"992",-76.2,-12.4
"993",-75.6,-12.4
"994",-74.4,-12.4
"995",-74.2,-12.4
"996",-74,-12.4
"997",-73.6,-12.4
"998",-73.4,-12.4
"999",-72.6,-12.4
"1000",-72.4,-12.4
"1001",-72.2,-12.4
"1002",-72,-12.4
"1003",-71.8,-12.4
"1004",-76.2,-12.6
"1005",-74,-12.6
"1006",-73.8,-12.6
"1007",-73.4,-12.6
"1008",-72.8,-12.6
"1009",-72.6,-12.6
"1010",-72.2,-12.6
"1011",-72,-12.6
"1012",-71.2,-12.6
"1013",-74.6,-12.8
"1014",-74.4,-12.8
"1015",-73.8,-12.8
"1016",-73.6,-12.8
"1017",-73.4,-12.8
"1018",-73,-12.8
"1019",-72.6,-12.8
"1020",-72.4,-12.8
"1021",-72,-12.8
"1022",-71.2,-12.8
"1023",-75.8,-13
"1024",-74.6,-13
"1025",-74.4,-13
"1026",-74.2,-13
"1027",-74,-13
"1028",-73.6,-13
"1029",-73.2,-13
"1030",-73,-13
"1031",-72.8,-13
"1032",-72.4,-13
"1033",-72.2,-13
"1034",-72,-13
"1035",-71.8,-13
"1036",-75.8,-13.2
"1037",-74.8,-13.2
"1038",-74.4,-13.2
"1039",-74.2,-13.2
"1040",-73.6,-13.2
"1041",-73.4,-13.2
"1042",-73.2,-13.2
"1043",-73,-13.2
"1044",-72.8,-13.2
"1045",-72.6,-13.2
"1046",-72.2,-13.2
"1047",-72,-13.2
"1048",-71.8,-13.2
"1049",-71.6,-13.2
"1050",-71.4,-13.2
"1051",-73.8,-13.4
"1052",-73.6,-13.4
"1053",-73.4,-13.4
"1054",-73.2,-13.4
"1055",-73,-13.4
"1056",-72.8,-13.4
"1057",-72.6,-13.4
"1058",-72.2,-13.4
"1059",-72,-13.4
"1060",-71.8,-13.4
"1061",-71.6,-13.4
"1062",-71.4,-13.4
"1063",-71.2,-13.4
"1064",-71,-13.4
"1065",-75.2,-13.6
"1066",-74,-13.6
"1067",-73.8,-13.6
"1068",-73.6,-13.6
"1069",-73.4,-13.6
"1070",-73.2,-13.6
"1071",-73,-13.6
"1072",-72.4,-13.6
"1073",-71.4,-13.6
"1074",-71.2,-13.6
"1075",-71,-13.6
"1076",-70.8,-13.6
"1077",-75.2,-13.8
"1078",-74,-13.8
"1079",-73.8,-13.8
"1080",-73,-13.8
"1081",-72.4,-13.8
"1082",-72.2,-13.8
"1083",-71.8,-13.8
"1084",-70.8,-13.8
"1085",-70.6,-13.8
"1086",-70.4,-13.8
"1087",-70.2,-13.8
"1088",-70,-13.8
"1089",-75.2,-14
"1090",-73,-14
"1091",-70.2,-14
"1092",-70,-14
"1093",-69.8,-14
"1094",-60.8,-14
"1095",-75.2,-14.2
"1096",-73.2,-14.2
"1097",-73,-14.2
"1098",-69.8,-14.2
"1099",-67.2,-14.2
"1100",-67,-14.2
"1101",-66.8,-14.2
"1102",-66.6,-14.2
"1103",-72,-14.4
"1104",-70.6,-14.4
"1105",-70.4,-14.4
"1106",-70.2,-14.4
"1107",-70,-14.4
"1108",-68.8,-14.4
"1109",-68.6,-14.4
"1110",-67,-14.4
"1111",-66.8,-14.4
"1112",-66.6,-14.4
"1113",-66.4,-14.4
"1114",-74.6,-14.6
"1115",-74.4,-14.6
"1116",-73.8,-14.6
"1117",-73.6,-14.6
"1118",-70.6,-14.6
"1119",-70.4,-14.6
"1120",-70.2,-14.6
"1121",-70,-14.6
"1122",-69.8,-14.6
"1123",-69.6,-14.6
"1124",-69.4,-14.6
"1125",-68.6,-14.6
"1126",-67,-14.6
"1127",-66.8,-14.6
"1128",-74.8,-14.8
"1129",-74.6,-14.8
"1130",-73.8,-14.8
"1131",-73.6,-14.8
"1132",-70.6,-14.8
"1133",-70.4,-14.8
"1134",-70.2,-14.8
"1135",-70,-14.8
"1136",-69.8,-14.8
"1137",-69.6,-14.8
"1138",-69.4,-14.8
"1139",-69.2,-14.8
"1140",-68.6,-14.8
"1141",-68.4,-14.8
"1142",-75.4,-15
"1143",-74.8,-15
"1144",-74.6,-15
"1145",-70.4,-15
"1146",-70.2,-15
"1147",-70,-15
"1148",-69.8,-15
"1149",-68.4,-15
"1150",-74.6,-15.2
"1151",-70.2,-15.2
"1152",-70,-15.2
"1153",-69.8,-15.2
"1154",-69.4,-15.2
"1155",-69.2,-15.2
"1156",-69,-15.2
"1157",-68.8,-15.2
"1158",-73.6,-15.4
"1159",-72.6,-15.4
"1160",-70.2,-15.4
"1161",-70,-15.4
"1162",-69.4,-15.4
"1163",-69.2,-15.4
"1164",-69,-15.4
"1165",-68.8,-15.4
"1166",-68.6,-15.4
"1167",-73.6,-15.6
"1168",-73.4,-15.6
"1169",-72.8,-15.6
"1170",-72.6,-15.6
"1171",-72.4,-15.6
"1172",-70.4,-15.6
"1173",-70.2,-15.6
"1174",-70,-15.6
"1175",-69.8,-15.6
"1176",-69.2,-15.6
"1177",-69,-15.6
"1178",-68.8,-15.6
"1179",-68.6,-15.6
"1180",-68.4,-15.6
"1181",-68.2,-15.6
"1182",-73.6,-15.8
"1183",-72.8,-15.8
"1184",-72.6,-15.8
"1185",-71.8,-15.8
"1186",-70.4,-15.8
"1187",-70.2,-15.8
"1188",-70,-15.8
"1189",-68.8,-15.8
"1190",-68.6,-15.8
"1191",-68.4,-15.8
"1192",-68.2,-15.8
"1193",-67.6,-15.8
"1194",-67.4,-15.8
"1195",-73.6,-16
"1196",-72,-16
"1197",-71.8,-16
"1198",-71.6,-16
"1199",-71.4,-16
"1200",-70.4,-16
"1201",-70.2,-16
"1202",-70,-16
"1203",-69.6,-16
"1204",-69.2,-16
"1205",-69,-16
"1206",-68.8,-16
"1207",-68.6,-16
"1208",-68.4,-16
"1209",-68.2,-16
"1210",-67.8,-16
"1211",-67.2,-16
"1212",-66.6,-16
"1213",-69.8,-16.2
"1214",-69.6,-16.2
"1215",-69.4,-16.2
"1216",-69.2,-16.2
"1217",-69,-16.2
"1218",-68.8,-16.2
"1219",-68.6,-16.2
"1220",-68.4,-16.2
"1221",-67.6,-16.2
"1222",-66.6,-16.2
"1223",-66.4,-16.2
"1224",-69.8,-16.4
"1225",-69.6,-16.4
"1226",-69.4,-16.4
"1227",-69.2,-16.4
"1228",-69,-16.4
"1229",-68.6,-16.4
"1230",-68.4,-16.4
"1231",-67.6,-16.4
"1232",-66.2,-16.4
"1233",-70.2,-16.6
"1234",-70,-16.6
"1235",-69.4,-16.6
"1236",-69.2,-16.6
"1237",-68.8,-16.6
"1238",-67.6,-16.6
"1239",-67.4,-16.6
"1240",-65.4,-16.6
"1241",-65.2,-16.6
"1242",-70,-16.8
"1243",-69.8,-16.8
"1244",-69.6,-16.8
"1245",-68.8,-16.8
"1246",-68.6,-16.8
"1247",-68,-16.8
"1248",-67.8,-16.8
"1249",-67.6,-16.8
"1250",-67.2,-16.8
"1251",-67,-16.8
"1252",-65.2,-16.8
"1253",-65,-16.8
"1254",-69.8,-17
"1255",-69.6,-17
"1256",-69.4,-17
"1257",-69.2,-17
"1258",-69,-17
"1259",-68.8,-17
"1260",-68.6,-17
"1261",-68,-17
"1262",-67.8,-17
"1263",-67,-17
"1264",-66.8,-17
"1265",-66.6,-17
"1266",-66.4,-17
"1267",-66.2,-17
"1268",-69.4,-17.2
"1269",-69,-17.2
"1270",-68.8,-17.2
"1271",-68.6,-17.2
"1272",-67.8,-17.2
"1273",-67,-17.2
"1274",-66.8,-17.2
"1275",-66.4,-17.2
"1276",-66.2,-17.2
"1277",-66,-17.2
"1278",-69.4,-17.4
"1279",-68.8,-17.4
"1280",-66.2,-17.4
"1281",-51.2,-17.4
"1282",-51,-17.4
"1283",-70,-17.6
"1284",-69.8,-17.6
"1285",-69.4,-17.6
"1286",-65.6,-17.6
"1287",-65.4,-17.6
"1288",-69.8,-17.8
"1289",-66.4,-17.8
"1290",-65.4,-17.8
"1291",-65.2,-17.8
"1292",-65,-17.8
"1293",-69.8,-18
"1294",-67.2,-18
"1295",-70.4,-18.2
"1296",-67.6,-18.2
"1297",-67.4,-18.2
"1298",-67.2,-18.2
"1299",-67,-18.2
"1300",-66.8,-18.2
"1301",-66.6,-18.2
"1302",-66.4,-18.2
"1303",-67.6,-18.4
"1304",-67.4,-18.4
"1305",-67.2,-18.4
"1306",-67,-18.4
"1307",-66.8,-18.4
"1308",-66.6,-18.4
"1309",-66.4,-18.4
"1310",-66.2,-18.4
"1311",-67.8,-18.6
"1312",-67.6,-18.6
"1313",-67.4,-18.6
"1314",-67.2,-18.6
"1315",-67,-18.6
"1316",-66.8,-18.6
"1317",-66.6,-18.6
"1318",-66.4,-18.6
"1319",-65.8,-18.6
"1320",-67.8,-18.8
"1321",-67.6,-18.8
"1322",-67.4,-18.8
"1323",-66.8,-18.8
"1324",-66.6,-18.8
"1325",-66.4,-18.8
"1326",-66,-18.8
"1327",-67.8,-19
"1328",-67.6,-19
"1329",-67.4,-19
"1330",-67,-19
"1331",-66.8,-19
"1332",-66.6,-19
"1333",-66.4,-19
"1334",-65.6,-19
"1335",-67.8,-19.2
"1336",-67.6,-19.2
"1337",-67.4,-19.2
"1338",-67.2,-19.2
"1339",-67,-19.2
"1340",-66.8,-19.2
"1341",-66.6,-19.2
"1342",-66.4,-19.2
"1343",-67.8,-19.4
"1344",-67.6,-19.4
"1345",-67.4,-19.4
"1346",-67.2,-19.4
"1347",-67,-19.4
"1348",-66.8,-19.4
"1349",-66.6,-19.4
"1350",-66.4,-19.4
"1351",-69,-19.6
"1352",-68,-19.6
"1353",-67.8,-19.6
"1354",-67.6,-19.6
"1355",-67.4,-19.6
"1356",-67.2,-19.6
"1357",-67,-19.6
"1358",-66.8,-19.6
"1359",-66.6,-19.6
"1360",-66.4,-19.6
"1361",-69,-19.8
"1362",-68.8,-19.8
"1363",-68,-19.8
"1364",-67.8,-19.8
"1365",-67.6,-19.8
"1366",-66.6,-19.8
"1367",-66.4,-19.8
"1368",-66.2,-19.8
"1369",-69.2,-20
"1370",-69,-20
"1371",-68.8,-20
"1372",-68.6,-20
"1373",-68.2,-20
"1374",-68,-20
"1375",-66.6,-20
"1376",-66.4,-20
"1377",-69.2,-20.2
"1378",-69,-20.2
"1379",-68.8,-20.2
"1380",-68.6,-20.2
"1381",-68.2,-20.2
"1382",-66.8,-20.2
"1383",-66.6,-20.2
"1384",-69.2,-20.4
"1385",-69,-20.4
"1386",-68.8,-20.4
"1387",-69.2,-20.6
"1388",-69,-20.6
"1389",-68.8,-20.6
"1390",-69,-20.8
"1391",-68.8,-20.8
"1392",-68.6,-20.8
"1393",-68.8,-21
"1394",-68.6,-21
"1395",-67.8,-21
"1396",-68.8,-21.2
"1397",-68.6,-21.2
"1398",-68.4,-21.2
"1399",-68.8,-21.4
"1400",-68,-21.4
"1401",-67.8,-21.4
"1402",-66.4,-21.4
"1403",-66.4,-21.6
"1404",-66.6,-21.8
"1405",-66.4,-21.8
"1406",-66.6,-22
"1407",-65.2,-22.2
"1408",-65,-22.2
"1409",-65.4,-22.4
"1410",-65.2,-22.4
"1411",-65,-22.4
"1412",-65.4,-22.6
"1413",-65.2,-22.6
"1414",-65,-22.6
"1415",-70.4,-22.8
"1416",-67.6,-22.8
"1417",-66.8,-22.8
"1418",-66.6,-22.8
"1419",-66.4,-22.8
"1420",-65.4,-22.8
"1421",-65.2,-22.8
"1422",-65.4,-23
"1423",-65.2,-23
"1424",-65,-23
"1425",-64.8,-23
"1426",-65.4,-23.2
"1427",-65.2,-23.2
"1428",-65,-23.2
"1429",-64.8,-23.2
"1430",-67.8,-23.4
"1431",-65.4,-23.4
"1432",-65.2,-23.4
"1433",-65,-23.4
"1434",-65.6,-23.8
"1435",-67.8,-24
"1436",-65.8,-24
"1437",-65.6,-24
"1438",-66.6,-24.2
"1439",-65.6,-24.2
"1440",-70.4,-24.4
"1441",-70.2,-24.4
"1442",-68.2,-24.4
"1443",-68,-24.4
"1444",-67.8,-24.4
"1445",-70.2,-24.6
"1446",-68.6,-24.6
"1447",-68.4,-24.6
"1448",-68.2,-24.6
"1449",-68,-24.6
"1450",-70.2,-24.8
"1451",-68.4,-24.8
"1452",-66.6,-25
"1453",-68.4,-25.2
"1454",-68.2,-25.2
"1455",-66.8,-25.2
"1456",-68.4,-25.4
"1457",-68,-25.4
"1458",-67.8,-25.4
"1459",-68.2,-25.6
"1460",-68,-25.6
"1461",-68.4,-26
"1462",-65.6,-26.6
"1463",-66,-26.8
"1464",-65.8,-26.8
"1465",-65.6,-26.8
"1466",-68.2,-27
"1467",-66,-27
"1468",-65.8,-27
"1469",-68.2,-27.2
"1470",-66,-27.2
"1471",-65.8,-27.2
"1472",-68.2,-27.4
"1473",-68.4,-27.6
"1474",-68.2,-27.6
"1475",-68.8,-28
"1476",-69,-28.2
"1477",-68.8,-28.2
"1478",-68.2,-28.2
"1479",-68,-28.2
"1480",-66,-28.4
"1481",-66,-28.6
"1482",-67.8,-28.8
"1483",-68.8,-29.8
"1484",-70,-30
"1485",-69.8,-30
"1486",-70,-30.2
"1487",-69.8,-30.2
"1488",-69.6,-30.2
"1489",-70,-30.4
"1490",-69.8,-30.4
"1491",-69.6,-30.4
"1492",-70,-30.6
"1493",-69.6,-30.6
"1494",-70,-31
"1495",-69,-31
"1496",-67.4,-31
"1497",-70,-31.2
"1498",-70,-31.4
"1499",-69,-31.4
"1500",-70,-31.6
"1501",-69.2,-31.6
"1502",-69,-31.6
"1503",-64.6,-31.6
"1504",-70,-31.8
"1505",-69.2,-31.8
"1506",-69,-31.8
"1507",-70,-32
"1508",-69.2,-32
"1509",-69,-32
"1510",-64.8,-32
"1511",-64.8,-32.2
"1512",-69.6,-33.4
"1513",-70.2,-36.6
"1514",-70.2,-36.8
"1515",-70.2,-37
"1516",-69,-38.8
"1517",-69.2,-39
"1518",-69,-39
"1519",-67.8,-39
"1520",-73,-46
"1521",-73,-46.2
"1522",-71.4,-46.2
"1523",-71.2,-46.2
"1524",-71,-46.2
"1525",-70.8,-46.2
"1526",-70.6,-46.2
"1527",-71.4,-46.6
"1528",-73.8,-46.8
"1529",-72,-46.8
"1530",-71.8,-46.8
"1531",-71.6,-46.8
"1532",-71.4,-46.8
"1533",-71.2,-46.8
"1534",-73.8,-47
"1535",-72,-47
"1536",-71.8,-47
"1537",-71.6,-47
"1538",-71.4,-47
"1539",-71.2,-47
"1540",-71,-47
"1541",-70.8,-47
"1542",-74,-47.2
"1543",-73.8,-47.2
"1544",-72.6,-47.4
"1545",-71.4,-47.4
"1546",-72,-48.2
"1547",-71.8,-48.2
"1548",-72.4,-48.6
"1549",-72.2,-48.6
"1550",-72,-48.6
"1551",-71.8,-48.6
"1552",-73.6,-48.8
"1553",-73.4,-48.8
"1554",-73.2,-48.8
"1555",-72.4,-48.8
"1556",-72.2,-48.8
"1557",-72,-48.8
"1558",-71.8,-48.8
"1559",-73.2,-49
"1560",-72.6,-49
"1561",-72.4,-49
"1562",-72.2,-49
"1563",-72.6,-49.2
"1564",-72.4,-49.2
"1565",-72.2,-49.2
"1566",-72.2,-50
"1567",-72,-50
"1568",-71.8,-50
"1569",-71.6,-50
"1570",-72.4,-50.2
"1571",-72.2,-50.2
"1572",-72,-50.8
"1573",-71.8,-50.8
"1574",-71.6,-50.8
"1575",-71.4,-50.8
"1576",-73.2,-51